id,vl_diff,cd_diff,vlogs_diff_mean,cds_diff_mean,n,payoffs,payoffs_b,nearest_payoff,classification_2,classification_3,classification_4,phen_1,str1_2,str1_3,str2_2,str2_3,str2_4,str2_5,str2_6,str2_7,batch_1,TB_1,GR_1
2,0.8064147460096498,0.4773771810997694,0.9635617709601948,0.6173745398857842,18,0.12536910956993436,1.0448009929233748,0.6795518612834621,0,0,1,0,0,1,0,0,1,0,0,0,1,0,0
3,0.9796224365387668,1.7549719517941025,0.9635617709601948,0.6173745398857842,18,0.8945195758917102,1.0448009929233748,0.6795518612834621,0,0,1,0,0,1,0,0,1,0,0,0,1,0,0
4,1.3071736911209395,1.3317016440707987,0.9635617709601948,0.6173745398857842,18,0.6396981238685389,1.0448009929233748,0.6795518612834621,0,0,1,0,0,1,0,0,1,0,0,0,1,0,0
5,0.4530718206017276,0.28029121844068494,0.01036795153766684,0.00431251384321148,79,0.00671743412332373,0.6896514464400242,0.5296704141131363,0,1,0,1,1,0,0,1,0,0,0,0,1,0,0
7,0.9469684737566252,0.42181830429198286,0.9635617709601948,0.6173745398857842,18,0.09192099520281076,0.9446837159991868,0.6795518612834621,0,0,1,0,0,1,0,0,1,0,0,0,1,0,0
8,0.5783904128589272,0.2953706898184995,0.9635617709601948,0.6173745398857842,18,0.01579572929811426,0.7168247029661792,0.5296704141131363,0,0,1,1,1,0,0,1,0,0,0,0,1,0,0
10,0.5225950466956395,0.08594238317838299,0.01036795153766684,0.00431251384321148,79,-0.11028640833123944,0.3394342124385924,0.5296704141131363,0,1,0,1,1,0,0,1,0,0,0,0,1,0,0
12,1.203653648210381,1.119901228220469,0.9635617709601948,0.6173745398857842,18,0.5121879051707179,1.0448009929233748,0.6795518612834621,0,0,1,0,0,1,0,0,1,0,0,0,1,0,0
14,1.1167087666681983,0.8175775591487846,0.9635617709601948,0.6173745398857842,18,0.3301799662056716,1.0448009929233748,0.6795518612834621,0,0,1,0,0,1,0,0,1,0,0,0,1,0,0
16,2.694012770790257,0.8025683042149879,0.9635617709601948,0.6173745398857842,18,0.3211439434414282,0.6078614841851496,0.6795518612834621,0,0,1,0,0,1,0,0,1,0,0,0,1,0,0
17,0.24553739772959252,0.2868270144332671,0.01036795153766684,0.00431251384321148,79,0.01065217982735206,0.6078614841851496,0.2541046223783886,0,1,0,1,1,0,0,0,0,0,0,0,1,0,0
18,0.4664554193531782,0.8807466411533794,0.9635617709601948,0.6173745398857842,18,0.36820965292280433,0.6078614841851496,0.5296704141131363,0,0,1,1,1,0,0,1,0,0,0,0,1,0,0
19,0.15188207629232622,0.26127298799714826,0.01036795153766684,0.00431251384321148,79,-0.00473211243854218,0.6078614841851496,0.14702791357213757,0,1,0,0,1,0,0,0,1,0,0,0,0,0,0
21,0.5920107949373808,0.6516168652083716,0.9635617709601948,0.6173745398857842,18,0.23026663839361328,0.6078614841851496,0.5296704141131363,0,0,1,1,1,0,0,1,0,0,0,0,1,0,0
22,0.1980114160124202,0.44187048387282835,-0.18324088232080385,0.5866804711230271,32,0.10399301023383134,0.6078614841851496,0.1911729766648216,0,0,0,0,0,1,0,0,0,0,1,0,0,0,0
23,0.3747486075231822,0.3271557550414314,0.01036795153766684,0.00431251384321148,79,0.03493129426680905,0.6078614841851496,0.33029416687588603,0,1,0,1,0,0,0,0,0,0,0,1,1,0,0
24,0.6386743135258311,0.2661196864502098,0.9635617709601948,0.6173745398857842,18,-0.00181425424061976,0.6078614841851496,0.6795518612834621,0,0,1,0,0,1,0,0,1,0,0,0,1,0,0
25,0.10942056150217846,0.6603756142263626,-0.18324088232080385,0.5866804711230271,32,0.23553966865807024,0.6078614841851496,0.07369898968389911,0,0,0,0,0,0,0,0,0,0,0,0,1,0,0
26,0.1005719718937946,1.177782087054495,-0.18324088232080385,0.5866804711230271,32,0.5470339225343466,0.25695816596242654,0.07369898968389911,0,0,0,0,0,0,0,0,0,0,0,0,1,0,0
27,0.2032218237163053,1.8421148377826129,-0.18324088232080385,0.5866804711230271,32,0.9469822134448224,0.25695816596242654,0.2088632632386347,0,0,0,1,0,0,0,0,0,0,0,1,0,0,0
28,0.08385246376718211,0.1303907007479297,0.01036795153766684,0.00431251384321148,79,-0.0835271846947374,0.25695816596242654,0.07369898968389911,0,1,0,0,0,0,0,0,0,0,0,0,1,0,0
29,1.1848976214362312,0.660605851946733,0.9635617709601948,0.6173745398857842,18,0.23567827868845692,0.25695816596242654,0.6795518612834621,0,0,1,0,0,1,0,0,1,0,0,0,1,0,0
30,0.17071743522672866,0.967005345145636,-0.18324088232080385,0.5866804711230271,32,0.4201399863288336,0.25695816596242654,0.16922149043590837,0,0,0,1,1,0,0,1,0,0,0,0,0,0,0
31,0.06088925838984902,0.560603270837008,-0.18324088232080385,0.5866804711230271,32,0.17547371801064182,0.25695816596242654,0.05814259011577686,0,0,0,1,0,1,0,0,0,0,0,0,0,0,0
33,0.05848004181985727,0.43774735454800107,-0.18324088232080385,0.5866804711230271,32,0.101510762407181,0.25695816596242654,0.05814259011577686,0,0,0,1,0,1,0,0,0,0,0,0,0,0,0
34,0.05006112875492374,0.7801471882549105,-0.18324088232080385,0.5866804711230271,32,0.3076457574815906,0.25695816596242654,0.05154909197384914,0,0,0,1,1,0,0,0,0,0,0,0,0,0,0
35,0.3999317486569678,0.17302539525964403,0.01036795153766684,0.00431251384321148,79,-0.05785981667056347,0.25695816596242654,0.33029416687588603,0,1,0,1,0,0,0,0,0,0,0,1,1,0,0
37,0.2842774108495826,0.12127483071835338,0.01036795153766684,0.00431251384321148,79,-0.08901521254598384,0.1837890363693693,0.2541046223783886,0,1,0,1,1,0,0,0,0,0,0,0,1,1,0
38,0.8882003903090305,0.23448997902720536,0.9635617709601948,0.6173745398857842,18,-0.02085628914250317,0.1837890363693693,0.6795518612834621,0,0,1,0,0,1,0,0,1,0,0,0,1,0,0
39,0.00757911849078655,0.2772012807055687,0.01036795153766684,0.00431251384321148,79,0.00485719869939643,0.1837890363693693,0.01311936855647409,0,1,0,0,0,0,0,0,0,0,0,1,0,0,0
40,0.5975343269679866,0.2044509518164456,0.9635617709601948,0.6173745398857842,18,-0.03894068672848558,0.1837890363693693,0.5296704141131363,0,0,1,1,1,0,0,1,0,0,0,0,1,0,0
41,0.1702184276398402,0.3053385121431167,0.01036795153766684,0.00431251384321148,79,0.02179665804723968,0.1837890363693693,0.16922149043590837,0,1,0,1,1,0,0,1,0,0,0,0,0,0,0
44,-0.02407382890547053,0.09273369646447036,0.01036795153766684,0.00431251384321148,79,-0.1061978335336982,0.1837890363693693,-0.02188969694557166,0,1,0,0,0,1,0,1,0,0,0,0,1,0,0
46,-0.09729340489019678,0.5523787153276516,-0.18324088232080385,0.5866804711230271,32,0.1705222883003646,0.1837890363693693,-0.10760218017533396,0,0,0,0,1,0,0,1,0,0,0,0,0,0,0
47,-0.1094234484777692,0.12237592754671062,0.01036795153766684,0.00431251384321148,79,-0.08835231914783999,0.1837890363693693,-0.11026836958089407,0,1,0,0,0,1,0,1,0,0,0,0,0,0,0
48,-0.0629176646594662,0.24718578643641456,0.01036795153766684,0.00431251384321148,79,-0.01321303134815751,0.1837890363693693,-0.06612330648821,0,1,0,0,1,0,0,0,0,1,0,0,0,0,0
50,-0.11069111205140164,0.3383798734439549,-0.18324088232080385,0.5866804711230271,32,0.04168855102879471,-0.1266671083510134,-0.11026836958089407,0,0,0,0,0,1,0,1,0,0,0,0,0,0,0
51,-0.11813723375699396,0.3327170629597019,-0.18324088232080385,0.5866804711230271,32,0.03827936884946564,-0.1266671083510134,-0.11026836958089407,0,0,0,0,0,1,0,1,0,0,0,0,0,0,0
52,0.7237436159524222,0.6575091912629366,0.9635617709601948,0.6173745398857842,18,0.2338139958472804,0.6502840650960053,0.6795518612834621,0,0,1,0,0,1,0,0,1,0,0,0,1,0,0
53,0.4572790305701564,-0.06078590482126528,0.01036795153766684,0.00431251384321148,79,-0.1651433779131996,0.5008164293907911,0.5296704141131363,0,1,0,1,1,0,0,1,0,0,0,0,1,0,0
55,-0.06846339431236204,0.13773326560208488,0.01036795153766684,0.00431251384321148,79,-0.07910673987834066,-0.1266671083510134,-0.06612330648821005,0,1,0,0,1,0,0,0,0,0,0,1,0,0,0
56,0.11160123025650794,0.0228294727242215,0.01036795153766684,0.00431251384321148,79,-0.14828227808606087,0.17425110725788037,0.14702791357213757,0,1,0,0,1,0,0,0,1,0,0,0,0,0,0
58,-0.22803537695341047,0.4245091375615848,-0.18324088232080385,0.5866804711230271,32,0.0935409577383366,-0.1266671083510134,-0.19402123090027823,0,0,0,0,1,0,0,1,0,0,0,0,1,0,0
59,0.12214784252899176,0.2354468445358549,0.01036795153766684,0.00431251384321148,79,-0.02028022733553047,-0.1266671083510134,0.14702791357213757,0,1,0,0,1,0,0,0,1,0,0,0,0,0,0
60,-0.2688706366058201,0.4538395283833387,-0.18324088232080385,0.5866804711230271,32,0.11119873491105586,-0.07144209436151946,-0.19402123090027823,0,0,0,0,1,0,0,1,0,0,0,0,1,0,0
62,0.07607483333743728,0.2460054393092121,0.01036795153766684,0.00431251384321148,79,-0.01392363580908212,-0.02161086612053097,0.07369898968389911,0,1,0,0,0,0,0,0,0,0,0,0,1,0,0
64,0.11485334309459902,0.747829764445049,-0.18324088232080385,0.5866804711230271,32,0.28818969663675453,-0.02161086612053097,0.14702791357213757,0,0,0,0,1,0,0,0,1,0,0,0,0,0,0
65,-0.106152485579304,0.05753681048721983,0.01036795153766684,0.00431251384321148,79,-0.12738741718216912,-0.02161086612053097,-0.10760218017533396,0,1,0,0,1,0,0,1,0,0,0,0,0,0,0
66,0.16142174332752193,-0.10682863676904487,0.01036795153766684,0.00431251384321148,79,-0.1651433779131996,-0.02161086612053097,0.167824591606429,0,1,0,0,0,1,0,0,0,1,0,0,1,0,0
68,-0.3177518871084058,0.32011273851065514,-0.18324088232080385,0.5866804711230271,32,0.03069118654782196,-0.02161086612053097,-0.3439026780706041,0,0,0,1,0,1,0,0,1,0,0,0,1,0,0
69,-0.19937624832227188,0.1675691405947756,0.01036795153766684,0.00431251384321148,79,-0.06114464603596008,-0.02161086612053097,-0.19402123090027823,0,1,0,0,1,0,0,1,0,0,0,0,1,0,0
70,-0.15358999213239571,0.5140604671163718,-0.18324088232080385,0.5866804711230271,32,0.14745355073475758,-0.02161086612053097,-0.16493423955187342,0,0,0,1,0,1,0,0,1,0,0,0,0,0,0
71,0.08037783688141521,0.1050651955821323,0.01036795153766684,0.00431251384321148,79,-0.09877390028478424,-0.02161086612053097,0.07369898968389911,0,1,0,0,0,0,0,0,0,0,0,0,1,0,0
72,0.14964506141662523,-0.13868476590967638,0.01036795153766684,0.00431251384321148,79,-0.1651433779131996,-0.02161086612053097,0.14702791357213757,0,1,0,0,1,0,0,0,1,0,0,0,0,0,0
73,0.09263810778262002,0.3185631029031105,0.01036795153766684,0.00431251384321148,79,0.02975825931806819,0.10815716079208504,0.07369898968389911,0,1,0,0,0,0,0,0,0,0,0,0,1,0,0
74,0.11880895202065132,0.231644399370788,0.01036795153766684,0.00431251384321148,79,-0.02256941365576309,0.10815716079208504,0.14702791357213757,0,1,0,0,1,0,0,0,1,0,0,0,0,0,0
75,0.2523592475941613,-0.12419971583533236,0.01036795153766684,0.00431251384321148,79,-0.1651433779131996,0.10815716079208504,0.2541046223783886,0,1,0,1,1,0,0,0,0,0,0,0,1,0,0
76,0.49724785235969304,0.5699116285561336,0.9635617709601948,0.6173745398857842,18,0.1810776292386632,0.10815716079208504,0.5296704141131363,0,0,1,1,1,0,0,1,0,0,0,0,1,0,0
77,0.3353264052274656,-0.4484038185170994,0.01036795153766684,0.00431251384321148,79,-0.1651433779131996,0.10815716079208504,0.33029416687588603,0,1,0,1,0,0,0,0,0,0,0,1,1,0,0
78,-0.2084253581800946,0.2030126377872898,0.01036795153766684,0.00431251384321148,79,-0.03980659502086309,0.10815716079208504,-0.19402123090027823,0,1,0,0,1,0,0,1,0,0,0,0,1,0,0
79,-0.18770015757819825,0.4054443185475089,-0.18324088232080385,0.5866804711230271,32,0.0820633634561938,0.10815716079208504,-0.18289618750808784,0,0,0,0,0,1,0,0,0,0,0,0,1,0,0
80,0.05345200115643479,0.10089721451536374,0.01036795153766684,0.00431251384321148,79,-0.10128315020867294,0.10815716079208504,0.05154909197384914,0,1,0,1,1,0,0,0,0,0,0,0,0,0,0
81,0.01970739674603236,0.5888265658526344,-0.18324088232080385,0.5866804711230271,32,0.192464990220224,0.10815716079208504,0.01311936855647409,0,0,0,0,0,0,0,0,0,0,0,1,0,0,0
82,-0.19821116216536133,0.04098767247885756,0.01036795153766684,0.00431251384321148,79,-0.13735049585807632,-0.04074944790194699,-0.19402123090027823,0,1,0,0,1,0,0,1,0,0,0,0,1,0,0
83,0.04514639644333586,0.07951703380252441,0.01036795153766684,0.00431251384321148,79,-0.11415466185112204,-0.04074944790194699,0.0404523035419638,0,1,0,0,1,0,1,0,0,0,0,0,0,0,0
84,0.1083470281233961,-0.06172813409738968,0.01036795153766684,0.00431251384321148,79,-0.1651433779131996,-0.04074944790194699,0.07369898968389911,0,1,0,0,0,0,0,0,0,0,0,0,1,0,0
85,-0.41668888617289934,0.3347535080185199,-0.18324088232080385,0.5866804711230271,32,0.03950537000613705,-0.04074944790194699,-0.3439026780706041,0,0,0,1,0,1,0,0,1,0,0,0,1,0,0
86,-0.3146141881658386,0.5695565527395241,-0.18324088232080385,0.5866804711230271,32,0.18086386292074352,-0.04074944790194699,-0.3439026780706041,0,0,0,1,0,1,0,0,1,0,0,0,1,0,0
87,0.5414361031764724,0.47652647830556305,0.9635617709601948,0.6173745398857842,18,0.1248569609091274,-0.04074944790194699,0.5296704141131363,0,0,1,1,1,0,0,1,0,0,0,0,1,0,0
89,0.07349941640083713,0.10505082096117674,0.01036795153766684,0.00431251384321148,79,-0.09878255423881158,-0.04074944790194699,0.07369898968389911,0,1,0,0,0,0,0,0,0,0,0,0,1,0,0
91,-0.22758003200958027,0.08058240287894712,0.01036795153766684,0.00431251384321148,79,-0.11351327763389488,-0.04074944790194699,-0.19402123090027823,0,1,0,0,1,0,0,1,0,0,0,0,1,0,0
92,0.02192029325211499,0.15539393439902743,0.01036795153766684,0.00431251384321148,79,-0.0684744862465099,-0.04074944790194699,0.01311936855647409,0,1,0,0,0,0,0,0,0,0,0,1,0,0,0
93,-0.1869687864947367,0.3708318683649736,-0.18324088232080385,0.5866804711230271,32,0.06122562772879419,-0.12049871285084028,-0.18289618750808784,0,0,0,0,0,1,0,0,0,0,0,0,1,0,0
94,-0.029691936293255,-0.18199409727947743,0.01036795153766684,0.00431251384321148,79,-0.1651433779131996,-0.12049871285084028,-0.02188969694557166,0,1,0,0,0,1,0,1,0,0,0,0,1,0,0
95,-0.47942295701805726,0.09653209087678882,0.01036795153766684,0.00431251384321148,79,-0.10391108588841703,-0.12049871285084028,-0.3439026780706041,0,1,0,1,0,1,0,0,1,0,0,0,1,0,0
96,-0.3235526899590244,0.04139887206276218,0.01036795153766684,0.00431251384321148,79,-0.13710294134473117,-0.12049871285084028,-0.3439026780706041,0,1,0,1,0,1,0,0,1,0,0,0,1,0,0
97,0.4124749546983644,-0.3930975217662361,0.01036795153766684,0.00431251384321148,79,-0.1651433779131996,-0.12049871285084028,0.33029416687588603,0,1,0,1,0,0,0,0,0,0,0,1,1,0,0
98,0.00458752312039922,-0.16491738722232083,0.01036795153766684,0.00431251384321148,79,-0.1651433779131996,-0.12049871285084028,0.01311936855647409,0,1,0,0,0,0,0,0,0,0,0,1,0,0,0
99,-0.20107401142869993,0.3155452422186865,-0.18324088232080385,0.5866804711230271,32,0.02794141644585029,-0.12049871285084028,-0.19402123090027823,0,0,0,0,1,0,0,1,0,0,0,0,1,0,0
100,-0.5083536721432284,0.46673594268548513,-0.18324088232080385,0.5866804711230271,32,0.11896276408674188,-0.12049871285084028,-0.3439026780706041,0,0,0,1,0,1,0,0,1,0,0,0,1,0,0
101,0.2275131598606756,0.2769088966365572,0.01036795153766684,0.00431251384321148,79,0.00468117469852874,-0.12049871285084028,0.22655354981244785,0,1,0,0,0,1,0,0,1,0,0,0,0,0,0
102,-0.09060637938330872,0.04315500810298009,0.01036795153766684,0.00431251384321148,79,-0.13604569464551056,-0.13856092744147264,-0.08686274333177196,0,1,0,0,1,0,0,0,0,0,0,0,0,1,0
103,0.05525979076022987,0.2723644561850975,0.01036795153766684,0.00431251384321148,79,0.00194528490578002,-0.00178036755177318,0.05814259011577686,0,1,0,1,0,1,0,0,0,0,0,0,0,0,0
104,-0.265237573082094,0.08726724638034304,0.01036795153766684,0.00431251384321148,79,-0.10948880084804168,-0.13856092744147264,-0.19402123090027823,0,1,0,0,1,0,0,1,0,0,0,0,1,0,0
105,-0.05347804160430533,-0.06137562552910045,0.01036795153766684,0.00431251384321148,79,-0.1651433779131996,-0.13856092744147264,-0.06612330648821,0,1,0,0,1,0,0,0,0,1,0,0,0,0,0
106,-0.01672916034148131,0.14355235950404108,0.01036795153766684,0.00431251384321148,79,-0.07560347038246805,-0.08372738803753055,-0.01896352753168997,0,1,0,0,0,1,0,0,0,0,1,0,1,0,0
107,-0.07839892366485131,0.7328614586125493,-0.18324088232080385,0.5866804711230271,32,0.27917832646273816,-0.13856092744147264,-0.08686274333177196,0,0,0,0,1,0,0,0,0,0,0,0,0,0,0
108,-0.01781828810627395,-0.12723723634494222,0.01036795153766684,0.00431251384321148,79,-0.1651433779131996,-0.13856092744147264,-0.01896352753168997,0,1,0,0,0,1,0,0,0,0,1,0,1,0,0
109,1.5809664933115335,-0.5105224184422573,0.9635617709601948,0.6173745398857842,18,-0.1651433779131996,1.5727461660921782,0.6795518612834621,0,0,1,0,0,1,0,0,1,0,0,0,1,0,0
111,-0.3781435732088035,0.1713218588598612,0.01036795153766684,0.00431251384321148,79,-0.05888539680469081,-0.05861942861486564,-0.3439026780706041,0,1,0,1,0,1,0,0,1,0,0,0,1,0,0
112,-0.2861369582403596,0.1057630470454974,0.01036795153766684,0.00431251384321148,79,-0.09835377272103496,-0.3689515557076696,-0.3439026780706041,0,1,0,1,0,1,0,0,1,0,0,0,1,0,0
113,-0.5772875076052817,0.5355299651767512,-0.18324088232080385,0.5866804711230271,32,0.1603788341059949,-0.3689515557076696,-0.3439026780706041,0,0,0,1,0,1,0,0,1,0,0,0,1,0,0
114,-0.5822569255467751,0.8689664061011497,-0.18324088232080385,0.5866804711230271,32,0.3611175972165351,-0.3689515557076696,-0.3439026780706041,0,0,0,1,0,1,0,0,1,0,0,0,1,0,0
115,-0.3863756847987986,-0.4620221158117808,-0.39504432171114445,-0.4577889117310282,47,-0.1651433779131996,-0.3689515557076696,-0.3439026780706041,1,0,0,1,0,1,0,0,1,0,0,0,1,0,0
116,-0.08382314677273384,-0.5103278355148317,-0.39504432171114445,-0.4577889117310282,47,-0.1651433779131996,-0.3689515557076696,-0.08686274333177196,1,0,0,0,1,0,0,0,0,0,0,0,0,0,0
117,-0.6455432906223164,0.39896420167490176,-0.18324088232080385,0.5866804711230271,32,0.07816213825653476,-0.3689515557076696,-0.3439026780706041,0,0,0,1,0,1,0,0,1,0,0,0,1,0,0
118,-0.6503435348109753,-0.44948108732474246,-0.39504432171114445,-0.4577889117310282,47,-0.1651433779131996,-0.3689515557076696,-0.3439026780706041,1,0,0,1,0,1,0,0,1,0,0,0,1,0,0
119,-0.03613706677715765,-0.17333467233230537,0.01036795153766684,0.00431251384321148,79,-0.1651433779131996,-0.3689515557076696,-0.02188969694557166,0,1,0,0,0,1,0,1,0,0,0,0,1,0,0
123,-0.07265988619462932,-0.11149701101207075,0.01036795153766684,0.00431251384321148,79,-0.1651433779131996,-0.3689515557076696,-0.06612330648821005,0,1,0,0,1,0,0,0,0,0,0,1,0,0,0
124,-0.6783174638072637,-0.21690919581291404,-0.39504432171114445,-0.4577889117310282,47,-0.1651433779131996,-0.29368732957820215,-0.3439026780706041,1,0,0,1,0,1,0,0,1,0,0,0,1,0,0
125,-0.08173605566044938,-0.22461469660662065,0.01036795153766684,0.00431251384321148,79,-0.1651433779131996,-0.29368732957820215,-0.08686274333177196,0,1,0,0,1,0,0,0,0,0,0,0,0,0,0
126,-0.6387065270556364,0.825989378876108,-0.18324088232080385,0.5866804711230271,32,0.33524413460577335,-0.29368732957820215,-0.3439026780706041,0,0,0,1,0,1,0,0,1,0,0,0,1,0,0
127,-0.06352008945036375,0.10336813304882432,0.01036795153766684,0.00431251384321148,79,-0.09979558295663928,-0.29368732957820215,-0.06612330648821,0,1,0,0,1,0,0,0,0,1,0,0,0,0,0
128,-0.07289084110247965,0.0130453255141075,0.01036795153766684,0.00431251384321148,79,-0.15417262889356315,-0.29368732957820215,-0.06612330648821005,0,1,0,0,1,0,0,0,0,0,0,1,0,0,0
129,-0.3259891613138367,-0.28914131889749567,-0.39504432171114445,-0.4577889117310282,47,-0.1651433779131996,-0.29368732957820215,-0.3439026780706041,1,0,0,1,0,1,0,0,1,0,0,0,1,0,0
130,-0.32816687594879884,-0.3644946852552291,-0.39504432171114445,-0.4577889117310282,47,-0.1651433779131996,-0.29368732957820215,-0.3439026780706041,1,0,0,1,0,1,0,0,1,0,0,0,1,0,0
131,-0.35464566989295476,-0.10675125677447168,-0.39504432171114445,-0.4577889117310282,47,-0.1651433779131996,-0.29368732957820215,-0.3439026780706041,1,0,0,1,0,1,0,0,1,0,0,0,1,0,0
132,-0.09921328197203633,0.30602199661554536,-0.18324088232080385,0.5866804711230271,32,0.02220813625046253,-0.29368732957820215,-0.10760218017533396,0,0,0,0,1,0,0,1,0,0,0,0,0,0,0
135,0.264419720154882,-0.2784551732152064,0.01036795153766684,0.00431251384321148,79,-0.1651433779131996,-0.08482415317226838,0.2541046223783886,0,1,0,1,1,0,0,0,0,0,0,0,1,0,0
136,-0.06626309963516847,0.16436291090393457,0.01036795153766684,0.00431251384321148,79,-0.0630748927138679,-0.08482415317226838,-0.06612330648821005,0,1,0,0,1,0,0,0,0,0,0,1,0,0,0
137,-0.04857022861337847,-0.13547660071003603,0.01036795153766684,0.00431251384321148,79,-0.1651433779131996,-0.08482415317226838,-0.06612330648821,0,1,0,0,1,0,0,0,0,1,0,0,0,0,0
138,-0.07668921176841285,-0.25631659464818746,0.01036795153766684,0.00431251384321148,79,-0.1651433779131996,-0.08482415317226838,-0.08686274333177196,0,1,0,0,1,0,0,0,0,0,0,0,0,0,0
139,-0.08898212178625645,-0.05960892814332891,0.01036795153766684,0.00431251384321148,79,-0.1651433779131996,-0.08482415317226838,-0.08686274333177196,0,1,0,0,1,0,0,0,0,0,0,0,0,0,0
140,-0.2531407849838143,0.10131394135573102,0.01036795153766684,0.00431251384321148,79,-0.10103226812074526,-0.08482415317226838,-0.19402123090027823,0,1,0,0,1,0,0,1,0,0,0,0,1,0,0
141,-0.0744087538877646,-0.27331813535226485,0.01036795153766684,0.00431251384321148,79,-0.1651433779131996,-0.08482415317226838,-0.06612330648821005,0,1,0,0,1,0,0,0,0,0,0,1,0,0,0
142,-0.13860826986419847,-0.06363963266340017,0.01036795153766684,0.00431251384321148,79,-0.1651433779131996,-0.08482415317226838,-0.13760130456638373,0,1,0,0,0,1,0,0,0,0,0,0,0,0,0
143,-0.2811746281663037,-0.8585420721372208,-0.39504432171114445,-0.4577889117310282,47,-0.1651433779131996,-0.08482415317226838,-0.3439026780706041,1,0,0,1,0,1,0,0,1,0,0,0,1,0,0
144,-0.095035044627452,-0.2773101282893633,0.01036795153766684,0.00431251384321148,79,-0.1651433779131996,-0.06317160930608406,-0.08686274333177196,0,1,0,0,1,0,0,0,0,0,0,0,0,0,0
145,0.06690289100390634,-0.3923392850306046,0.01036795153766684,0.00431251384321148,79,-0.1651433779131996,-0.11702656113001551,0.07369898968389911,0,1,0,0,0,0,0,0,0,0,0,0,1,0,0
146,-0.08227052895363894,0.03134406469267348,0.01036795153766684,0.00431251384321148,79,-0.14315623770667257,-0.11702656113001551,-0.08686274333177196,0,1,0,0,1,0,0,0,0,0,0,0,0,0,0
147,-0.03990573175081441,-0.23876021671552655,0.01036795153766684,0.00431251384321148,79,-0.1651433779131996,0.01881142255874048,-0.02188969694557166,0,1,0,0,0,1,0,1,0,0,0,0,1,0,0
148,-0.2593702857945423,-0.371926224992316,-0.39504432171114445,-0.4577889117310282,47,-0.1651433779131996,-0.11702656113001551,-0.19402123090027823,1,0,0,0,1,0,0,1,0,0,0,0,1,1,0
149,-0.02964181912131003,-0.02426130560642919,0.01036795153766684,0.00431251384321148,79,-0.1651433779131996,-0.11702656113001551,-0.02188969694557166,0,1,0,0,0,1,0,1,0,0,0,0,1,0,0
150,0.6018835591847103,-0.4883564876893551,0.01036795153766684,0.00431251384321148,79,-0.1651433779131996,0.36973627101778495,0.5296704141131363,0,1,0,1,1,0,0,1,0,0,0,0,1,0,1
151,-0.08986754688925228,-0.46944305832627775,-0.39504432171114445,-0.4577889117310282,47,-0.1651433779131996,0.2182563044647033,-0.08686274333177196,1,0,0,0,1,0,0,0,0,0,0,0,0,0,1
152,-0.11419590996653968,-0.3518146475606805,-0.39504432171114445,-0.4577889117310282,47,-0.1651433779131996,-0.11702656113001551,-0.11026836958089407,1,0,0,0,0,1,0,1,0,0,0,0,0,0,1
153,0.07210015616792802,-0.21693726896552223,0.01036795153766684,0.00431251384321148,79,-0.1651433779131996,-0.18934158873107537,0.07369898968389911,0,1,0,0,0,0,0,0,0,0,0,0,1,0,1
154,0.09054313665067676,-0.38930520843653793,0.01036795153766684,0.00431251384321148,79,-0.1651433779131996,-0.18934158873107537,0.07369898968389911,0,1,0,0,0,0,0,0,0,0,0,0,1,0,1
156,0.03665779328721028,-0.2969289771784802,0.01036795153766684,0.00431251384321148,79,-0.1651433779131996,-0.18934158873107537,0.03563097933612546,0,1,0,0,0,0,0,0,0,0,0,0,0,0,1
157,-0.07047047395330197,-0.2630294045051826,0.01036795153766684,0.00431251384321148,79,-0.1651433779131996,-0.18934158873107537,-0.06612330648821005,0,1,0,0,1,0,0,0,0,0,0,1,0,0,1
159,-0.34099490875694644,0.864098281885382,-0.18324088232080385,0.5866804711230271,32,0.35818684006523954,-0.18934158873107537,-0.3439026780706041,0,0,0,1,0,1,0,0,1,0,0,0,1,0,1
160,-0.41104156912118395,-0.4897385492748885,-0.39504432171114445,-0.4577889117310282,47,-0.1651433779131996,-0.18934158873107537,-0.3439026780706041,1,0,0,1,0,1,0,0,1,0,0,0,1,0,0
161,-0.11186158568487348,0.12021115311381586,0.01036795153766684,0.00431251384321148,79,-0.08965557844627743,-0.18934158873107537,-0.11026836958089407,0,1,0,0,0,1,0,1,0,0,0,0,0,0,0
162,-0.5527265024391945,0.01114966265854633,-0.39504432171114445,-0.4577889117310282,47,-0.15531387493087384,-0.18934158873107537,-0.3439026780706041,1,0,0,1,0,1,0,0,1,0,0,0,1,0,0
163,-0.416280344729993,-0.00517759989750343,0.01036795153766684,0.00431251384321148,79,-0.1651433779131996,-0.18934158873107537,-0.3439026780706041,0,1,0,1,0,1,0,0,1,0,0,0,1,0,0
164,-0.78737486228006,-0.3858105260183404,-0.39504432171114445,-0.4577889117310282,47,-0.1651433779131996,-0.4838257577635364,-0.3439026780706041,1,0,0,1,0,1,0,0,1,0,0,0,1,0,0
165,-0.3954017989961848,-0.32685020615368965,-0.39504432171114445,-0.4577889117310282,47,-0.1651433779131996,-0.31584584882119215,-0.3439026780706041,1,0,0,1,0,1,0,0,1,0,0,0,1,0,0
166,-0.42142357501255734,-0.23092059979439183,-0.39504432171114445,-0.4577889117310282,47,-0.1651433779131996,-0.31584584882119215,-0.3439026780706041,1,0,0,1,0,1,0,0,1,0,0,0,1,0,0
167,-0.24578846018148304,-0.06534896250165508,0.01036795153766684,0.00431251384321148,79,-0.1651433779131996,-0.31584584882119215,-0.19402123090027823,0,1,0,0,1,0,0,1,0,0,0,0,1,0,0
168,-0.8009664907428464,-0.490531662713675,-0.39504432171114445,-0.4577889117310282,47,-0.1651433779131996,-0.7821797532439385,-0.3439026780706041,1,0,0,1,0,1,0,0,1,0,0,0,1,0,0
169,-0.8529493655351779,-0.4619407989255815,-0.39504432171114445,-0.4577889117310282,47,-0.1651433779131996,-0.7007234330148088,-0.3439026780706041,1,0,0,1,0,1,0,0,1,0,0,0,1,0,0
170,-0.15148997952157156,-0.27638796394292553,-0.39504432171114445,-0.4577889117310282,47,-0.1651433779131996,-0.31584584882119215,-0.16493423955187342,1,0,0,1,0,1,0,0,1,0,0,0,0,0,0
171,-0.4054747499044508,-0.4643446201667041,-0.39504432171114445,-0.4577889117310282,47,-0.1651433779131996,-0.707571999544373,-0.3439026780706041,1,0,0,1,0,1,0,0,1,0,0,0,1,0,0
172,-0.19266090549828785,-0.07024726119219032,0.01036795153766684,0.00431251384321148,79,-0.1651433779131996,-0.31584584882119215,-0.19402123090027823,0,1,0,0,1,0,0,1,0,0,0,0,1,0,0
173,-0.2233028208741842,-0.7670263333610017,-0.39504432171114445,-0.4577889117310282,47,-0.1651433779131996,-0.34527454327111967,-0.19402123090027823,1,0,0,0,1,0,0,1,0,0,0,0,1,0,0
174,-0.2426190375132935,-1.40064493050169,-0.39504432171114445,-0.4577889117310282,47,-0.1651433779131996,-0.34527454327111967,-0.19402123090027823,1,0,0,0,1,0,0,1,0,0,0,0,1,1,0
176,-0.04629798099088245,-0.4853829722752352,-0.39504432171114445,-0.4577889117310282,47,-0.1651433779131996,-0.34527454327111967,-0.06612330648821,1,0,0,0,1,0,0,0,0,1,0,0,0,0,0
177,-0.8573221818588064,-0.4047296105310083,-0.39504432171114445,-0.4577889117310282,47,-0.1651433779131996,-0.34527454327111967,-0.3439026780706041,1,0,0,1,0,1,0,0,1,0,0,0,1,0,0
178,-0.4411068623663088,-0.06134652787929382,-0.39504432171114445,-0.4577889117310282,47,-0.1651433779131996,-0.34527454327111967,-0.3439026780706041,1,0,0,1,0,1,0,0,1,0,0,0,1,0,0
179,-0.4078215293288316,-1.1271628821739932,-0.39504432171114445,-0.4577889117310282,47,-0.1651433779131996,-0.34527454327111967,-0.3439026780706041,1,0,0,1,0,1,0,0,1,0,0,0,1,0,0
180,-0.4442578744086423,-0.30350174992516565,-0.39504432171114445,-0.4577889117310282,47,-0.1651433779131996,-0.34527454327111967,-0.3439026780706041,1,0,0,1,0,1,0,0,1,0,0,0,1,1,0
181,-0.2760590276307707,0.4776410300902047,-0.18324088232080385,0.5866804711230271,32,0.1255279545955144,-0.34527454327111967,-0.3439026780706041,0,0,0,1,0,1,0,0,1,0,0,0,1,0,0
182,-0.16868357446835752,-0.2994324352011845,-0.39504432171114445,-0.4577889117310282,47,-0.1651433779131996,-0.34527454327111967,-0.16493423955187342,1,0,0,1,0,1,0,0,1,0,0,0,0,0,0
183,0.00107269628092336,-0.8431114172472831,-0.39504432171114445,-0.4577889117310282,47,-0.1651433779131996,-0.3379344131267595,0.01311936855647409,1,0,0,0,0,0,0,0,0,0,0,1,0,0,0
184,-0.169344159520659,0.1970935194749611,0.01036795153766684,0.00431251384321148,79,-0.04337008221928608,-0.3379344131267595,-0.16493423955187342,0,1,0,1,0,1,0,0,1,0,0,0,0,0,0
185,-0.5702226194892164,-0.15288855133367704,-0.39504432171114445,-0.4577889117310282,47,-0.1651433779131996,-0.3379344131267595,-0.3439026780706041,1,0,0,1,0,1,0,0,1,0,0,0,1,0,0
186,-0.5722496694574529,-0.15855136181793014,-0.39504432171114445,-0.4577889117310282,47,-0.1651433779131996,-0.3379344131267595,-0.3439026780706041,1,0,0,1,0,1,0,0,1,0,0,0,1,0,0
187,-0.06042629692318337,-0.4270140885730175,-0.39504432171114445,-0.4577889117310282,47,-0.1651433779131996,-0.3379344131267595,-0.06612330648821,1,0,0,0,1,0,0,0,0,1,0,0,0,0,0
188,-0.4565212257953698,-0.199081659009876,-0.39504432171114445,-0.4577889117310282,47,-0.1651433779131996,-0.3379344131267595,-0.3439026780706041,1,0,0,1,0,1,0,0,1,0,0,0,1,0,0
189,-0.17563701600842882,-0.2094735461218148,0.01036795153766684,0.00431251384321148,79,-0.1651433779131996,-0.3379344131267595,-0.181433102801147,0,1,0,0,0,0,0,0,0,0,0,1,1,0,0
190,-0.919011028850606,-0.8096027305413466,-0.39504432171114445,-0.4577889117310282,47,-0.1651433779131996,-0.3379344131267595,-0.3439026780706041,1,0,0,1,0,1,0,0,1,0,0,0,1,0,0
191,-0.11907039837684293,-0.24417522628450747,0.01036795153766684,0.00431251384321148,79,-0.1651433779131996,-0.3379344131267595,-0.11026836958089407,0,1,0,0,0,1,0,1,0,0,0,0,0,0,0
192,-0.17463088219445538,-0.8952702637356397,-0.39504432171114445,-0.4577889117310282,47,-0.1651433779131996,-0.1925514786057646,-0.181433102801147,1,0,0,0,0,0,0,0,0,0,0,1,1,0,0
193,-0.0396509792371294,-0.8053859514212364,-0.39504432171114445,-0.4577889117310282,47,-0.1651433779131996,-0.1925514786057646,-0.02188969694557166,1,0,0,0,0,1,0,1,0,0,0,0,1,0,0
194,-0.3021399810059312,-0.2166380058015944,-0.39504432171114445,-0.4577889117310282,47,-0.1651433779131996,-0.4192871971422494,-0.3439026780706041,1,0,0,1,0,1,0,0,1,0,0,0,1,0,0
195,-0.17083922585202674,-0.4218926866390883,-0.39504432171114445,-0.4577889117310282,47,-0.1651433779131996,-0.1925514786057646,-0.16493423955187342,1,0,0,1,0,1,0,0,1,0,0,0,0,0,0
196,-0.9365469061682404,-1.151791468714234,-0.39504432171114445,-0.4577889117310282,47,-0.1651433779131996,-0.7599327938786989,-0.3439026780706041,1,0,0,1,0,1,0,0,1,0,0,0,1,0,0
197,-0.6262781800409545,-0.08349756748970161,-0.39504432171114445,-0.4577889117310282,47,-0.1651433779131996,-0.7661670018065048,-0.3439026780706041,1,0,0,1,0,1,0,0,1,0,0,0,1,0,0
198,-0.3769092401617194,-0.3357039825091277,-0.39504432171114445,-0.4577889117310282,47,-0.1651433779131996,-0.1925514786057646,-0.3439026780706041,1,0,0,1,0,1,0,0,1,0,0,0,1,0,0
199,-0.2337812672150063,-0.34496079009549546,-0.39504432171114445,-0.4577889117310282,47,-0.1651433779131996,-0.1925514786057646,-0.19402123090027823,1,0,0,0,1,0,0,1,0,0,0,0,1,0,0
200,-0.3791766975903109,-0.2578897659461653,-0.39504432171114445,-0.4577889117310282,47,-0.1651433779131996,-0.33180897360949807,-0.3439026780706041,1,0,0,1,0,1,0,0,1,0,0,0,1,0,0
201,-0.6014128730855717,0.16053488900677948,-0.18324088232080385,0.5866804711230271,32,-0.06537947699585166,-0.43773076525682936,-0.3439026780706041,0,0,0,1,0,1,0,0,1,0,0,0,1,0,0
202,-0.24104704923952447,-0.4993211230795058,-0.39504432171114445,-0.4577889117310282,47,-0.1651433779131996,-0.43773076525682936,-0.19402123090027823,1,0,0,0,1,0,0,1,0,0,0,0,1,0,0
203,-0.47816964896067665,-0.12446811304921274,-0.39504432171114445,-0.4577889117310282,47,-0.1651433779131996,-0.43773076525682936,-0.3439026780706041,1,0,0,1,0,1,0,0,1,0,0,0,1,0,0
204,0.09384474689830602,-0.6221852480994217,-0.39504432171114445,-0.4577889117310282,47,-0.1651433779131996,-0.43773076525682936,0.07369898968389911,1,0,0,0,0,0,0,0,0,0,0,0,1,0,0
205,-0.9618690018966806,-0.7513678716665898,-0.39504432171114445,-0.4577889117310282,47,-0.1651433779131996,-0.43773076525682936,-0.3439026780706041,1,0,0,1,0,1,0,0,1,0,0,0,1,1,0
